{"Train Loss": 76.33853054046631, "Validation Loss": 61.40296459197998, "_timestamp": 1697873534.54743, "_runtime": 159.15073013305664, "_step": 99, "_wandb": {"runtime": 200}}