{"Train Loss": 7.179298937320709, "Validation Loss": 15.216548681259155, "_timestamp": 1697524001.7843773, "_runtime": 118.07270431518555, "_step": 100, "_wandb": {"runtime": 107}}