{"Train Loss": 119.78225708007812, "Validation Loss": 109.58991813659668, "_timestamp": 1698125758.734247, "_runtime": 135.5371448993683, "_step": 99}