{"Train Loss": 8.957276701927185, "Validation Loss": 15.202313482761383, "_timestamp": 1697523569.8523898, "_runtime": 138.7328987121582, "_step": 124, "_wandb": {"runtime": 128}}