{"Train Loss": 85.0169792175293, "Validation Loss": 55.31117248535156, "_timestamp": 1697591708.8509412, "_runtime": 199.65978813171387, "_step": 199, "_wandb": {"runtime": 282}}