{"Train Loss": 93.73807954788208, "Validation Loss": 28.08770990371704, "_timestamp": 1697525295.4337256, "_runtime": 219.38302755355835, "_step": 199, "_wandb": {"runtime": 208}}