{"Train Loss": 7.200493603944778, "Validation Loss": 14.557817101478577, "_timestamp": 1697522300.7842152, "_runtime": 492.3619611263275, "_step": 199, "_wandb": {"runtime": 203}}