{"Train Loss": 76.51903820037842, "Validation Loss": 59.27336883544922, "_timestamp": 1697597240.3011072, "_runtime": 138.33054614067078, "_step": 99, "_wandb": {"runtime": 128}}