{"Train Loss": 53.09002351760864, "Validation Loss": 7.86412787437439, "_timestamp": 1697594174.477413, "_runtime": 31.941053867340088, "_step": 13, "_wandb": {"runtime": 29}}