{"Train Loss": 19.28200650215149, "Validation Loss": 14.841002345085144, "_timestamp": 1697524512.181802, "_runtime": 218.0873339176178, "_step": 199, "_wandb": {"runtime": 207}}