{"total_loss": 0.6751364469528198, "_timestamp": 1697518721.7624295, "_runtime": 565.4276065826416, "_step": 399, "_wandb": {"runtime": 1515}}