{"Train Loss": 67.97979974746704, "Validation Loss": 18.56286859512329, "_timestamp": 1697589693.078552, "_runtime": 195.6909899711609, "_step": 199, "_wandb": {"runtime": 189}}