{"total_loss": 1.486418679356575, "_timestamp": 1697520628.364858, "_runtime": 303.9891908168793, "_step": 199, "_wandb": {"runtime": 734}}