{"Train Loss": 15.107101798057556, "Validation Loss": 13.84854531288147, "_timestamp": 1697532257.3685546, "_runtime": 268.26346349716187, "_step": 149}