{"Train Loss": 53.038960456848145, "Validation Loss": 21.410768032073975, "_timestamp": 1697594517.0929778, "_runtime": 139.0872688293457, "_step": 99, "_wandb": {"runtime": 411}}