{"Train Loss": 99.8057508468628, "Validation Loss": 48.928160667419434, "_timestamp": 1697595335.8672726, "_runtime": 137.28615951538086, "_step": 99, "_wandb": {"runtime": 784}}