{"Train Loss": 54.412168741226196, "Validation Loss": 20.259071350097656, "_timestamp": 1697596242.4447186, "_runtime": 138.94374251365662, "_step": 99, "_wandb": {"runtime": 230}}