{"Train Loss": 54.6284818649292, "Validation Loss": 20.499505043029785, "_timestamp": 1698121755.996435, "_runtime": 139.3388910293579, "_step": 99}