{"Train Loss": 56.0004768371582, "Validation Loss": 20.18833637237549, "_timestamp": 1697596893.515268, "_runtime": 139.36910319328308, "_step": 99, "_wandb": {"runtime": 153}}