{"Train Loss": 26.22198462486267, "Validation Loss": 16.72530245780945, "_timestamp": 1697530167.3747811, "_runtime": 193.58363914489746, "_step": 199, "_wandb": {"runtime": 215}}