{"Train Loss": 49.99052309989929, "Validation Loss": 31.277584075927734, "_timestamp": 1697873056.3247516, "_runtime": 144.37996768951416, "_step": 99, "_wandb": {"runtime": 208}}