{"Train Loss": 41.325095653533936, "Validation Loss": 8.762897968292236, "_timestamp": 1697594263.8627527, "_runtime": 64.18429374694824, "_step": 38, "_wandb": {"runtime": 150}}