{"Train Loss": 74.59109258651733, "Validation Loss": 17.96986961364746, "_timestamp": 1697592099.591752, "_runtime": 109.48561811447144, "_step": 99, "_wandb": {"runtime": 249}}