{"Train Loss": 8.348967015743256, "Validation Loss": 12.05313903093338, "_timestamp": 1697523379.8201766, "_runtime": 421.6550326347351, "_step": 399, "_wandb": {"runtime": 444}}