{"Train Loss": 92.13050651550293, "Validation Loss": 25.245325565338135, "_timestamp": 1697526156.2013786, "_runtime": 215.74061155319214, "_step": 199}