{"Train Loss": 21.330692768096924, "Validation Loss": 13.579911351203918, "_timestamp": 1697524894.7132857, "_runtime": 215.83157777786255, "_step": 199, "_wandb": {"runtime": 370}}