{"Train Loss": 24.593231439590454, "Validation Loss": 12.108702182769775, "_timestamp": 1697524235.2378075, "_runtime": 215.39389443397522, "_step": 199, "_wandb": {"runtime": 247}}