{"total_loss": 0.6796259470283985, "_timestamp": 1697520265.9679797, "_runtime": 566.4156155586243, "_step": 399, "_wandb": {"runtime": 556}}