{"Train Loss": 8.1407972574234, "Validation Loss": 26.663975477218628, "_timestamp": 1697522646.8093433, "_runtime": 206.54801630973816, "_step": 199, "_wandb": {"runtime": 242}}