{"Train Loss": 215.55983448028564, "Validation Loss": 238.9859275817871, "_timestamp": 1698120677.1216807, "_runtime": 138.02037978172302, "_step": 99, "_wandb": {"runtime": 129}}