{"Train Loss": 13.764963746070862, "Validation Loss": 12.278884649276733, "_timestamp": 1697531078.9445312, "_runtime": 207.9410412311554, "_step": 113, "_wandb": {"runtime": 198}}