{"Train Loss": 103.30593121051788, "Validation Loss": 151.96306848526, "_timestamp": 1697873335.0267324, "_runtime": 189.6793065071106, "_step": 99, "_wandb": {"runtime": 180}}