{"Train Loss": 84.64642810821533, "Validation Loss": 56.357810974121094, "_timestamp": 1697594952.7590606, "_runtime": 136.5310525894165, "_step": 99, "_wandb": {"runtime": 293}}