{"Train Loss": 53.09362602233887, "Validation Loss": 7.830001354217529, "_timestamp": 1697532636.8275354, "_runtime": 214.98247528076172, "_step": 199, "_wandb": {"runtime": 205}}