{"Train Loss": 168.26880264282227, "Validation Loss": 41.382991790771484, "_timestamp": 1697591926.5273337, "_runtime": 108.60627269744873, "_step": 99, "_wandb": {"runtime": 98}}