{"Train Loss": 235.74169445037842, "Validation Loss": 37.20755577087402, "_timestamp": 1697595168.675102, "_runtime": 34.05544090270996, "_step": 14, "_wandb": {"runtime": 36}}