{"Train Loss": 55.0137300491333, "Validation Loss": 26.97167205810547, "_timestamp": 1697593662.9606898, "_runtime": 138.70789289474487, "_step": 99, "_wandb": {"runtime": 129}}