{"Train Loss": 50.90713334083557, "Validation Loss": 30.33726978302002, "_timestamp": 1697597469.2279027, "_runtime": 135.798419713974, "_step": 99}