{"Train Loss": 59.296783685684204, "Validation Loss": 26.38868522644043, "_timestamp": 1697593895.992862, "_runtime": 135.67579793930054, "_step": 99, "_wandb": {"runtime": 290}}