{"Train Loss": 42.159741163253784, "Validation Loss": 8.51030695438385, "_timestamp": 1697532916.577555, "_runtime": 138.01461696624756, "_step": 124, "_wandb": {"runtime": 147}}