{"Train Loss": 61.91779708862305, "Validation Loss": 19.40297794342041, "_timestamp": 1697533302.3478315, "_runtime": 207.19913339614868, "_step": 199}