{"Train Loss": 4.889036566019058, "Validation Loss": 14.100229024887085, "_timestamp": 1697523814.0631642, "_runtime": 224.73059821128845, "_step": 199, "_wandb": {"runtime": 267}}