{"Train Loss": 9.893093049526215, "Validation Loss": 13.15009093284607, "_timestamp": 1697531540.674995, "_runtime": 378.2868800163269, "_step": 199, "_wandb": {"runtime": 799}}