{"Train Loss": 100.4253101348877, "Validation Loss": 50.514333724975586, "_timestamp": 1697596496.3514178, "_runtime": 136.5105516910553, "_step": 99, "_wandb": {"runtime": 195}}