{"Train Loss": 55.22769641876221, "Validation Loss": 19.902089595794678, "_timestamp": 1697596719.3429577, "_runtime": 137.2146806716919, "_step": 99, "_wandb": {"runtime": 145}}