{"Train Loss": 143.17755031585693, "Validation Loss": 21.10747528076172, "_timestamp": 1697872736.836005, "_runtime": 168.63318395614624, "_step": 99, "_wandb": {"runtime": 137}}