{"Train Loss": 54.514047145843506, "Validation Loss": 31.64079475402832, "_timestamp": 1697873753.3169947, "_runtime": 149.63425970077515, "_step": 99}