{"Train Loss": 66.93221282958984, "Validation Loss": 58.72357749938965, "_timestamp": 1697591236.2895687, "_runtime": 201.49125957489014, "_step": 199, "_wandb": {"runtime": 190}}