{"Train Loss": 24.254027247428894, "Validation Loss": 39.81948220729828, "_timestamp": 1697522938.7465374, "_runtime": 230.9483494758606, "_step": 214, "_wandb": {"runtime": 220}}